predicted_rating,movieId,title,userId
6.3054848778976549,82978,Neighbors (1920),903
5.6599558870299154,26136,"Hallelujah Trail, The (1965)",903
5.6081278585930177,69075,Trojan War (1997),903
5.4234414572574172,3337,I'll Never Forget What's'isname (1967),903
5.3014082121659847,6167,Stand-In (1937),903